"DEP","typo_Mut","typo_Mut_det","nb_etab","eff_31","eff_EQTP","rem_brut"
"France entière","Ensemble","Ensemble","7479","136906","123909","5044000821"
"France entière","Ensemble","Action sociale sans hebergement","323","7591","6214","147671817"
"France entière","Ensemble","Activites de services financiers et d assurances","188","s","s","s"
"France entière","Ensemble","Activites des services financiers hors assurance et caisses","2","s","s","s"
"France entière","Ensemble","Assurances","4759","84186","78386","3488242846"
"France entière","Ensemble","Hebergement medico-social et social","371","14539","12566","343809358"
"France entière","ACTION SOCIALE (QB)","Ensemble","694","22130","18780","491481175"
"France entière","ACTIVITES FINANCIERES ET ASSURANCES (KZ)","Ensemble","4949","86196","80253","3567241940"
"France entière","AUTRES SECTEURS D ACTIVITE DES MUTUELLES","Ensemble","1094","6509","6007","214596184"
"France entière","SANTE HUMAINE (QA)","Ensemble","742","22071","18869","770681522"
"France entière","ACTION SOCIALE (QB)","Action sociale sans hebergement","323","7591","6214","147671817"
"France entière","ACTION SOCIALE (QB)","Hebergement medico-social et social","371","14539","12566","343809358"
"France entière","ACTIVITES FINANCIERES ET ASSURANCES (KZ)","Activites de services financiers et d assurances","188","s","s","s"
"France entière","ACTIVITES FINANCIERES ET ASSURANCES (KZ)","Activites des services financiers hors assurance et caisses","2","s","s","s"
"France entière","ACTIVITES FINANCIERES ET ASSURANCES (KZ)","Assurances","4759","84186","78386","3488242846"
"1","Ensemble","Ensemble","78","888","764","27793627"
"2","Ensemble","Ensemble","51","411","397","15388694"
"3","Ensemble","Ensemble","46","586","533","22332983"
"4","Ensemble","Ensemble","32","242","215","8691223"
"5","Ensemble","Ensemble","26","104","96","4109615"
"6","Ensemble","Ensemble","136","1379","1188","44925469"
"7","Ensemble","Ensemble","58","887","767","22054664"
"8","Ensemble","Ensemble","36","335","279","9488791"
"9","Ensemble","Ensemble","20","86","79","2824877"
"10","Ensemble","Ensemble","37","421","386","14440003"
"11","Ensemble","Ensemble","47","332","315","11200863"
"12","Ensemble","Ensemble","68","919","846","29453834"
"13","Ensemble","Ensemble","230","3756","3247","134665521"
"14","Ensemble","Ensemble","140","1483","1339","43176800"
"15","Ensemble","Ensemble","27","202","197","7334007"
"16","Ensemble","Ensemble","59","1016","928","30712497"
"17","Ensemble","Ensemble","79","720","660","23415883"
"18","Ensemble","Ensemble","47","505","489","16491159"
"19","Ensemble","Ensemble","42","292","278","10118282"
"21","Ensemble","Ensemble","119","3902","3328","93064202"
"22","Ensemble","Ensemble","65","1242","1102","37515388"
"23","Ensemble","Ensemble","17","497","455","16233641"
"24","Ensemble","Ensemble","40","195","193","6815628"
"25","Ensemble","Ensemble","84","1430","1238","41530052"
"26","Ensemble","Ensemble","107","2789","2353","73908861"
"27","Ensemble","Ensemble","57","263","249","10154111"
"28","Ensemble","Ensemble","40","s","s","s"
"29","Ensemble","Ensemble","121","2259","2027","67458110"
"2A","Ensemble","Ensemble","25","228","204","7935889"
"2B","Ensemble","Ensemble","36","290","262","10536184"
"30","Ensemble","Ensemble","103","847","759","29152185"
"31","Ensemble","Ensemble","168","2591","2386","95119753"
"32","Ensemble","Ensemble","18","230","209","7933397"
"33","Ensemble","Ensemble","164","3164","2874","111204532"
"34","Ensemble","Ensemble","169","4307","3893","145603488"
"35","Ensemble","Ensemble","111","2574","2345","93972007"
"36","Ensemble","Ensemble","31","173","166","6593749"
"37","Ensemble","Ensemble","103","2223","1999","77068081"
"38","Ensemble","Ensemble","166","4026","3549","134599424"
"39","Ensemble","Ensemble","58","540","479","16789945"
"40","Ensemble","Ensemble","47","263","245","9717868"
"41","Ensemble","Ensemble","50","619","556","20603229"
"42","Ensemble","Ensemble","109","3047","2641","100976078"
"43","Ensemble","Ensemble","22","252","214","7779945"
"44","Ensemble","Ensemble","188","3786","3372","119652658"
"45","Ensemble","Ensemble","81","2319","2180","93371328"
"46","Ensemble","Ensemble","28","424","389","13222392"
"47","Ensemble","Ensemble","55","533","473","22261602"
"48","Ensemble","Ensemble","17","46","s","s"
"49","Ensemble","Ensemble","124","2489","2298","71798257"
"50","Ensemble","Ensemble","39","191","177","6761647"
"51","Ensemble","Ensemble","52","995","928","41982099"
"52","Ensemble","Ensemble","22","192","184","7209868"
"53","Ensemble","Ensemble","30","482","411","17498362"
"54","Ensemble","Ensemble","97","1508","1394","53164448"
"55","Ensemble","Ensemble","25","126","115","4640298"
"56","Ensemble","Ensemble","102","2313","2081","67651648"
"57","Ensemble","Ensemble","70","549","515","20365041"
"58","Ensemble","Ensemble","37","404","354","11068232"
"59","Ensemble","Ensemble","221","2946","2723","107596933"
"60","Ensemble","Ensemble","51","1097","1008","43252004"
"61","Ensemble","Ensemble","45","395","353","11708597"
"62","Ensemble","Ensemble","115","1302","1189","49577480"
"63","Ensemble","Ensemble","106","1203","1111","41394475"
"64","Ensemble","Ensemble","77","957","896","37229723"
"65","Ensemble","Ensemble","36","495","439","14521587"
"66","Ensemble","Ensemble","36","735","689","23736277"
"67","Ensemble","Ensemble","73","1396","1284","56382163"
"68","Ensemble","Ensemble","51","1099","969","42776680"
"69","Ensemble","Ensemble","193","3690","3371","151922655"
"70","Ensemble","Ensemble","33","273","245","9163621"
"71","Ensemble","Ensemble","99","1270","1127","35294864"
"72","Ensemble","Ensemble","58","642","608","25518881"
"73","Ensemble","Ensemble","52","534","496","19904562"
"74","Ensemble","Ensemble","99","1059","977","38341163"
"75","Ensemble","Ensemble","338","14358","13142","680506734"
"76","Ensemble","Ensemble","180","3759","3405","159512907"
"77","Ensemble","Ensemble","68","1201","1044","40514032"
"78","Ensemble","Ensemble","65","1836","1668","64014908"
"79","Ensemble","Ensemble","55","8474","7952","422009360"
"80","Ensemble","Ensemble","62","530","498","19042646"
"81","Ensemble","Ensemble","90","1203","1068","35354792"
"82","Ensemble","Ensemble","40","646","553","18635465"
"83","Ensemble","Ensemble","103","1717","1532","60011903"
"84","Ensemble","Ensemble","89","758","670","27764231"
"85","Ensemble","Ensemble","87","961","831","28962133"
"86","Ensemble","Ensemble","52","991","888","31882742"
"87","Ensemble","Ensemble","102","986","893","29037018"
"88","Ensemble","Ensemble","46","379","341","12232308"
"89","Ensemble","Ensemble","53","622","555","18080544"
"90","Ensemble","Ensemble","39","353","319","10900081"
"91","Ensemble","Ensemble","52","859","767","30819237"
"92","Ensemble","Ensemble","83","2923","2801","151030451"
"93","Ensemble","Ensemble","60","1363","1112","40004251"
"94","Ensemble","Ensemble","53","1397","1314","53920926"
"95","Ensemble","Ensemble","41","516","473","16994645"
"971","Ensemble","Ensemble","36","299","285","12598270"
"972","Ensemble","Ensemble","32","502","484","21777714"
"973","Ensemble","Ensemble","11","s","42","1710631"
"974","Ensemble","Ensemble","41","694","632","27835395"
"1","Ensemble","Action sociale sans hebergement","1","s","s","s"
"1","Ensemble","Activites de services financiers et d assurances","3","10","9","376309"
"1","Ensemble","Assurances","49","403","367","14384386"
"1","Ensemble","Hebergement medico-social et social","3","s","s","s"
"2","Ensemble","Activites de services financiers et d assurances","4","9","8","368913"
"2","Ensemble","Assurances","45","360","347","13809990"
"2","Ensemble","Hebergement medico-social et social","1","s","s","s"
"3","Ensemble","Action sociale sans hebergement","3","66","50","1340943"
"3","Ensemble","Activites de services financiers et d assurances","1","s","s","s"
"3","Ensemble","Assurances","33","s","s","s"
"4","Ensemble","Activites de services financiers et d assurances","1","s","s","s"
"4","Ensemble","Assurances","23","s","s","s"
"5","Ensemble","Assurances","19","60","60","2322538"
"6","Ensemble","Action sociale sans hebergement","8","194","138","3334589"
"6","Ensemble","Activites de services financiers et d assurances","2","s","s","s"
"6","Ensemble","Assurances","104","s","s","s"
"7","Ensemble","Action sociale sans hebergement","1","s","s","s"
"7","Ensemble","Activites de services financiers et d assurances","1","s","s","s"
"7","Ensemble","Assurances","32","s","s","s"
"7","Ensemble","Hebergement medico-social et social","13","s","s","s"
"8","Ensemble","Action sociale sans hebergement","1","s","s","s"
"8","Ensemble","Activites de services financiers et d assurances","1","s","s","s"
"8","Ensemble","Assurances","21","s","s","s"
"8","Ensemble","Hebergement medico-social et social","3","s","s","s"
"9","Ensemble","Assurances","13","51","44","1577350"
"10","Ensemble","Activites de services financiers et d assurances","1","s","s","s"
"10","Ensemble","Assurances","26","s","s","s"
"11","Ensemble","Activites de services financiers et d assurances","3","14","15","579022"
"11","Ensemble","Assurances","31","214","202","6968853"
"12","Ensemble","Activites de services financiers et d assurances","1","s","s","s"
"12","Ensemble","Assurances","32","s","s","s"
"12","Ensemble","Hebergement medico-social et social","2","s","s","s"
"13","Ensemble","Action sociale sans hebergement","9","108","71","1853079"
"13","Ensemble","Activites de services financiers et d assurances","9","153","145","6162461"
"13","Ensemble","Assurances","163","2564","2293","95504127"
"13","Ensemble","Hebergement medico-social et social","4","215","195","5448738"
"14","Ensemble","Action sociale sans hebergement","11","208","153","3213575"
"14","Ensemble","Assurances","52","509","477","18077415"
"14","Ensemble","Hebergement medico-social et social","13","464","431","11291366"
"15","Ensemble","Activites de services financiers et d assurances","2","s","s","s"
"15","Ensemble","Assurances","19","s","s","s"
"16","Ensemble","Action sociale sans hebergement","2","s","s","s"
"16","Ensemble","Assurances","36","390","363","14058709"
"16","Ensemble","Hebergement medico-social et social","4","s","s","s"
"17","Ensemble","Action sociale sans hebergement","2","s","s","s"
"17","Ensemble","Activites de services financiers et d assurances","1","s","s","s"
"17","Ensemble","Assurances","55","s","s","s"
"18","Ensemble","Action sociale sans hebergement","2","s","s","s"
"18","Ensemble","Activites de services financiers et d assurances","1","s","s","s"
"18","Ensemble","Assurances","32","s","s","s"
"18","Ensemble","Hebergement medico-social et social","2","s","s","s"
"19","Ensemble","Action sociale sans hebergement","3","s","s","s"
"19","Ensemble","Assurances","25","205","196","7537147"
"19","Ensemble","Hebergement medico-social et social","5","s","s","s"
"21","Ensemble","Action sociale sans hebergement","18","1676","1343","26699687"
"21","Ensemble","Assurances","55","889","850","34377764"
"21","Ensemble","Hebergement medico-social et social","25","1061","902","24696376"
"22","Ensemble","Assurances","39","727","686","24551417"
"22","Ensemble","Hebergement medico-social et social","10","301","234","6163978"
"23","Ensemble","Activites de services financiers et d assurances","1","s","s","s"
"23","Ensemble","Assurances","10","s","s","s"
"24","Ensemble","Activites de services financiers et d assurances","1","s","s","s"
"24","Ensemble","Assurances","31","s","s","s"
"25","Ensemble","Action sociale sans hebergement","1","s","s","s"
"25","Ensemble","Activites de services financiers et d assurances","3","10","9","360305"
"25","Ensemble","Assurances","47","389","362","14334739"
"25","Ensemble","Hebergement medico-social et social","13","s","s","s"
"26","Ensemble","Action sociale sans hebergement","14","1011","755","18957933"
"26","Ensemble","Assurances","40","853","774","30030678"
"26","Ensemble","Hebergement medico-social et social","27","675","614","17290621"
"27","Ensemble","Assurances","34","174","155","5755175"
"28","Ensemble","Activites de services financiers et d assurances","1","s","s","s"
"28","Ensemble","Assurances","32","s","s","s"
"29","Ensemble","Action sociale sans hebergement","10","392","325","7619863"
"29","Ensemble","Activites de services financiers et d assurances","1","s","s","s"
"29","Ensemble","Assurances","63","s","s","s"
"29","Ensemble","Hebergement medico-social et social","11","422","355","9620041"
"2A","Ensemble","Activites de services financiers et d assurances","1","s","s","s"
"2A","Ensemble","Assurances","13","s","s","s"
"2A","Ensemble","Hebergement medico-social et social","2","s","s","s"
"2B","Ensemble","Action sociale sans hebergement","3","s","24","717051"
"2B","Ensemble","Activites de services financiers et d assurances","1","s","s","s"
"2B","Ensemble","Assurances","19","s","s","s"
"2B","Ensemble","Hebergement medico-social et social","4","s","66","2086953"
"30","Ensemble","Action sociale sans hebergement","2","s","s","s"
"30","Ensemble","Activites de services financiers et d assurances","1","s","s","s"
"30","Ensemble","Assurances","50","s","s","s"
"30","Ensemble","Hebergement medico-social et social","3","s","s","s"
"31","Ensemble","Action sociale sans hebergement","17","s","s","s"
"31","Ensemble","Activites de services financiers et d assurances","9","196","184","7318650"
"31","Ensemble","Assurances","112","1837","1707","72346088"
"31","Ensemble","Hebergement medico-social et social","1","s","s","s"
"32","Ensemble","Assurances","16","s","s","s"
"33","Ensemble","Action sociale sans hebergement","6","s","s","s"
"33","Ensemble","Activites de services financiers et d assurances","4","13","13","524081"
"33","Ensemble","Assurances","119","1935","1774","69286581"
"33","Ensemble","Hebergement medico-social et social","2","s","s","s"
"34","Ensemble","Action sociale sans hebergement","4","39","33","737222"
"34","Ensemble","Activites de services financiers et d assurances","3","11","9","404483"
"34","Ensemble","Assurances","82","1966","1775","73020861"
"34","Ensemble","Hebergement medico-social et social","21","849","747","20296339"
"35","Ensemble","Action sociale sans hebergement","1","s","s","s"
"35","Ensemble","Activites de services financiers et d assurances","5","82","79","3174753"
"35","Ensemble","Assurances","71","1256","1169","46339856"
"35","Ensemble","Hebergement medico-social et social","1","s","s","s"
"36","Ensemble","Activites de services financiers et d assurances","1","s","s","s"
"36","Ensemble","Assurances","18","s","s","s"
"37","Ensemble","Action sociale sans hebergement","11","87","80","1894102"
"37","Ensemble","Activites de services financiers et d assurances","3","s","s","s"
"37","Ensemble","Assurances","55","s","s","s"
"37","Ensemble","Hebergement medico-social et social","11","423","360","9996457"
"38","Ensemble","Action sociale sans hebergement","4","52","45","1397894"
"38","Ensemble","Activites de services financiers et d assurances","5","16","13","717382"
"38","Ensemble","Assurances","75","979","927","39395284"
"38","Ensemble","Hebergement medico-social et social","24","1206","1059","30451274"
"39","Ensemble","Action sociale sans hebergement","7","8","6","138399"
"39","Ensemble","Activites de services financiers et d assurances","2","s","s","s"
"39","Ensemble","Assurances","26","s","s","s"
"39","Ensemble","Hebergement medico-social et social","3","78","68","1747628"
"40","Ensemble","Activites de services financiers et d assurances","1","s","s","s"
"40","Ensemble","Assurances","31","s","s","s"
"41","Ensemble","Action sociale sans hebergement","1","s","s","s"
"41","Ensemble","Activites de services financiers et d assurances","3","9","8","358653"
"41","Ensemble","Assurances","30","272","244","9920584"
"41","Ensemble","Hebergement medico-social et social","3","s","s","s"
"42","Ensemble","Action sociale sans hebergement","4","57","43","1167717"
"42","Ensemble","Activites de services financiers et d assurances","2","s","s","s"
"42","Ensemble","Assurances","54","s","s","s"
"42","Ensemble","Hebergement medico-social et social","14","674","532","15156491"
"43","Ensemble","Action sociale sans hebergement","1","s","s","s"
"43","Ensemble","Assurances","17","146","132","5116598"
"43","Ensemble","Hebergement medico-social et social","1","s","s","s"
"44","Ensemble","Action sociale sans hebergement","9","151","117","3077047"
"44","Ensemble","Activites de services financiers et d assurances","1","s","s","s"
"44","Ensemble","Assurances","93","s","s","s"
"44","Ensemble","Hebergement medico-social et social","46","1207","1016","27186805"
"45","Ensemble","Action sociale sans hebergement","4","s","s","s"
"45","Ensemble","Activites de services financiers et d assurances","2","s","s","s"
"45","Ensemble","Assurances","55","s","s","s"
"45","Ensemble","Hebergement medico-social et social","3","s","s","s"
"46","Ensemble","Action sociale sans hebergement","2","s","s","s"
"46","Ensemble","Assurances","18","157","148","5554764"
"47","Ensemble","Activites de services financiers et d assurances","1","s","s","s"
"47","Ensemble","Assurances","38","s","s","s"
"47","Ensemble","Hebergement medico-social et social","1","s","s","s"
"48","Ensemble","Activites de services financiers et d assurances","1","s","s","s"
"48","Ensemble","Assurances","8","s","s","s"
"49","Ensemble","Action sociale sans hebergement","40","524","492","12515176"
"49","Ensemble","Activites de services financiers et d assurances","1","s","s","s"
"49","Ensemble","Assurances","47","s","s","s"
"49","Ensemble","Hebergement medico-social et social","13","718","616","15822349"
"50","Ensemble","Activites de services financiers et d assurances","1","s","s","s"
"50","Ensemble","Assurances","32","s","s","s"
"51","Ensemble","Action sociale sans hebergement","1","s","s","s"
"51","Ensemble","Activites de services financiers et d assurances","2","s","s","s"
"51","Ensemble","Assurances","45","s","s","s"
"52","Ensemble","Activites de services financiers et d assurances","1","s","s","s"
"52","Ensemble","Assurances","15","s","s","s"
"53","Ensemble","Assurances","20","409","344","14722721"
"54","Ensemble","Action sociale sans hebergement","1","s","s","s"
"54","Ensemble","Activites de services financiers et d assurances","2","s","s","s"
"54","Ensemble","Assurances","75","s","s","s"
"54","Ensemble","Hebergement medico-social et social","1","s","s","s"
"55","Ensemble","Activites de services financiers et d assurances","2","s","s","s"
"55","Ensemble","Assurances","18","s","s","s"
"56","Ensemble","Action sociale sans hebergement","9","119","104","2689876"
"56","Ensemble","Activites de services financiers et d assurances","2","s","s","s"
"56","Ensemble","Assurances","52","s","s","s"
"56","Ensemble","Hebergement medico-social et social","19","611","525","13585101"
"57","Ensemble","Activites de services financiers et d assurances","3","6","17","607166"
"57","Ensemble","Assurances","55","496","452","18011440"
"58","Ensemble","Action sociale sans hebergement","4","s","s","s"
"58","Ensemble","Activites de services financiers et d assurances","1","s","s","s"
"58","Ensemble","Assurances","23","s","s","s"
"59","Ensemble","Action sociale sans hebergement","1","s","s","s"
"59","Ensemble","Activites de services financiers et d assurances","6","s","s","s"
"59","Ensemble","Assurances","142","s","s","s"
"60","Ensemble","Assurances","42","1000","923","40081181"
"60","Ensemble","Hebergement medico-social et social","1","s","s","s"
"61","Ensemble","Action sociale sans hebergement","1","s","s","s"
"61","Ensemble","Activites de services financiers et d assurances","1","s","s","s"
"61","Ensemble","Assurances","24","s","s","s"
"61","Ensemble","Hebergement medico-social et social","1","s","s","s"
"62","Ensemble","Assurances","78","1002","925","40151922"
"62","Ensemble","Hebergement medico-social et social","1","s","s","s"
"63","Ensemble","Action sociale sans hebergement","2","s","s","s"
"63","Ensemble","Activites de services financiers et d assurances","3","12","13","525552"
"63","Ensemble","Assurances","73","884","825","32354106"
"63","Ensemble","Hebergement medico-social et social","3","s","s","s"
"64","Ensemble","Action sociale sans hebergement","3","51","54","1308746"
"64","Ensemble","Activites de services financiers et d assurances","1","s","s","s"
"64","Ensemble","Assurances","63","s","s","s"
"65","Ensemble","Activites de services financiers et d assurances","2","s","s","s"
"65","Ensemble","Assurances","30","s","s","s"
"65","Ensemble","Hebergement medico-social et social","1","s","s","s"
"66","Ensemble","Action sociale sans hebergement","1","s","s","s"
"66","Ensemble","Assurances","27","434","418","15221679"
"67","Ensemble","Activites de services financiers et d assurances","5","21","20","1164760"
"67","Ensemble","Assurances","53","1140","1069","46015368"
"68","Ensemble","Assurances","41","665","585","27599295"
"68","Ensemble","Hebergement medico-social et social","1","s","s","s"
"69","Ensemble","Action sociale sans hebergement","19","43","s","s"
"69","Ensemble","Activites de services financiers et d assurances","2","s","s","s"
"69","Ensemble","Assurances","148","s","s","s"
"69","Ensemble","Hebergement medico-social et social","2","s","s","s"
"70","Ensemble","Action sociale sans hebergement","1","s","s","s"
"70","Ensemble","Assurances","20","174","154","6009656"
"71","Ensemble","Action sociale sans hebergement","9","486","389","8179901"
"71","Ensemble","Activites de services financiers et d assurances","2","s","s","s"
"71","Ensemble","Assurances","60","s","s","s"
"71","Ensemble","Hebergement medico-social et social","3","152","136","3906014"
"72","Ensemble","Action sociale sans hebergement","2","s","s","s"
"72","Ensemble","Assurances","42","509","479","20600913"
"73","Ensemble","Activites de services financiers et d assurances","1","s","s","s"
"73","Ensemble","Assurances","39","s","s","s"
"74","Ensemble","Action sociale sans hebergement","3","19","15","356667"
"74","Ensemble","Activites de services financiers et d assurances","1","s","s","s"
"74","Ensemble","Assurances","60","s","s","s"
"75","Ensemble","Action sociale sans hebergement","5","s","s","s"
"75","Ensemble","Activites de services financiers et d assurances","13","148","142","7131815"
"75","Ensemble","Assurances","263","10651","10023","534229932"
"75","Ensemble","Hebergement medico-social et social","2","s","s","s"
"76","Ensemble","Action sociale sans hebergement","1","s","s","s"
"76","Ensemble","Activites de services financiers et d assurances","4","s","s","s"
"76","Ensemble","Activites des services financiers hors assurance et caisses","1","s","s","s"
"76","Ensemble","Assurances","107","3223","2904","141784556"
"76","Ensemble","Hebergement medico-social et social","4","s","s","s"
"77","Ensemble","Action sociale sans hebergement","2","s","s","s"
"77","Ensemble","Activites de services financiers et d assurances","3","9","8","343673"
"77","Ensemble","Assurances","54","566","528","25533608"
"77","Ensemble","Hebergement medico-social et social","2","s","s","s"
"78","Ensemble","Activites de services financiers et d assurances","2","s","s","s"
"78","Ensemble","Assurances","49","s","s","s"
"78","Ensemble","Hebergement medico-social et social","5","s","s","s"
"79","Ensemble","Action sociale sans hebergement","1","s","s","s"
"79","Ensemble","Assurances","44","8362","7848","418080568"
"80","Ensemble","Action sociale sans hebergement","1","s","s","s"
"80","Ensemble","Activites de services financiers et d assurances","2","s","s","s"
"80","Ensemble","Assurances","50","s","s","s"
"81","Ensemble","Action sociale sans hebergement","9","s","s","s"
"81","Ensemble","Activites de services financiers et d assurances","4","13","13","633282"
"81","Ensemble","Assurances","38","491","448","16248200"
"81","Ensemble","Hebergement medico-social et social","1","s","s","s"
"82","Ensemble","Action sociale sans hebergement","4","79","53","1339893"
"82","Ensemble","Activites de services financiers et d assurances","1","s","s","s"
"82","Ensemble","Assurances","25","s","s","s"
"82","Ensemble","Hebergement medico-social et social","3","144","129","3251997"
"83","Ensemble","Action sociale sans hebergement","6","133","115","2516062"
"83","Ensemble","Activites de services financiers et d assurances","7","44","41","1781325"
"83","Ensemble","Assurances","60","615","574","23865286"
"83","Ensemble","Hebergement medico-social et social","4","226","204","5804504"
"84","Ensemble","Activites de services financiers et d assurances","2","s","s","s"
"84","Ensemble","Assurances","58","s","s","s"
"85","Ensemble","Action sociale sans hebergement","1","s","s","s"
"85","Ensemble","Activites de services financiers et d assurances","3","s","s","s"
"85","Ensemble","Assurances","43","s","s","s"
"86","Ensemble","Action sociale sans hebergement","1","s","s","s"
"86","Ensemble","Activites de services financiers et d assurances","1","s","s","s"
"86","Ensemble","Assurances","35","s","s","s"
"86","Ensemble","Hebergement medico-social et social","5","s","s","s"
"87","Ensemble","Action sociale sans hebergement","15","123","111","2605068"
"87","Ensemble","Activites de services financiers et d assurances","1","s","s","s"
"87","Ensemble","Assurances","43","s","s","s"
"87","Ensemble","Hebergement medico-social et social","11","282","248","6774622"
"88","Ensemble","Activites de services financiers et d assurances","3","6","5","265163"
"88","Ensemble","Assurances","29","243","225","8129199"
"89","Ensemble","Action sociale sans hebergement","9","s","s","s"
"89","Ensemble","Activites de services financiers et d assurances","2","s","s","s"
"89","Ensemble","Assurances","31","s","s","s"
"89","Ensemble","Hebergement medico-social et social","2","s","s","s"
"90","Ensemble","Action sociale sans hebergement","1","s","s","s"
"90","Ensemble","Activites de services financiers et d assurances","1","s","s","s"
"90","Ensemble","Assurances","19","s","s","s"
"90","Ensemble","Hebergement medico-social et social","3","s","s","s"
"91","Ensemble","Action sociale sans hebergement","1","s","s","s"
"91","Ensemble","Activites de services financiers et d assurances","4","s","138","5553215"
"91","Ensemble","Assurances","42","s","380","15516806"
"91","Ensemble","Hebergement medico-social et social","1","s","s","s"
"92","Ensemble","Action sociale sans hebergement","3","s","s","s"
"92","Ensemble","Activites de services financiers et d assurances","3","s","s","s"
"92","Ensemble","Activites des services financiers hors assurance et caisses","1","s","s","s"
"92","Ensemble","Assurances","62","2488","2421","133748455"
"92","Ensemble","Hebergement medico-social et social","2","s","s","s"
"93","Ensemble","Action sociale sans hebergement","1","s","s","s"
"93","Ensemble","Activites de services financiers et d assurances","4","s","s","s"
"93","Ensemble","Assurances","43","s","s","s"
"94","Ensemble","Activites de services financiers et d assurances","1","s","s","s"
"94","Ensemble","Assurances","46","s","s","s"
"95","Ensemble","Action sociale sans hebergement","1","s","s","s"
"95","Ensemble","Activites de services financiers et d assurances","2","s","s","s"
"95","Ensemble","Assurances","25","s","s","s"
"95","Ensemble","Hebergement medico-social et social","4","s","s","s"
"971","Ensemble","Action sociale sans hebergement","2","s","s","s"
"971","Ensemble","Assurances","32","287","273","12214887"
"972","Ensemble","Assurances","30","s","s","s"
"973","Ensemble","Activites de services financiers et d assurances","2","s","s","s"
"973","Ensemble","Assurances","9","s","s","s"
"974","Ensemble","Assurances","37","668","608","27030726"
"1","ACTION SOCIALE (QB)","Ensemble","4","150","123","3531554"
"1","ACTIVITES FINANCIERES ET ASSURANCES (KZ)","Ensemble","52","413","376","14760695"
"1","AUTRES SECTEURS D ACTIVITE DES MUTUELLES","Ensemble","8","39","34","1266371"
"1","SANTE HUMAINE (QA)","Ensemble","14","286","231","8235007"
"2","ACTION SOCIALE (QB)","Ensemble","1","s","s","s"
"2","ACTIVITES FINANCIERES ET ASSURANCES (KZ)","Ensemble","49","369","355","14178903"
"2","SANTE HUMAINE (QA)","Ensemble","1","s","s","s"
"3","ACTION SOCIALE (QB)","Ensemble","3","66","50","1340943"
"3","ACTIVITES FINANCIERES ET ASSURANCES (KZ)","Ensemble","34","484","449","19515097"
"3","AUTRES SECTEURS D ACTIVITE DES MUTUELLES","Ensemble","5","17","17","601810"
"3","SANTE HUMAINE (QA)","Ensemble","4","19","17","875133"
"4","ACTIVITES FINANCIERES ET ASSURANCES (KZ)","Ensemble","24","168","151","5841254"
"4","AUTRES SECTEURS D ACTIVITE DES MUTUELLES","Ensemble","4","19","18","723045"
"4","SANTE HUMAINE (QA)","Ensemble","4","55","47","2126924"
"5","ACTIVITES FINANCIERES ET ASSURANCES (KZ)","Ensemble","19","60","60","2322538"
"5","AUTRES SECTEURS D ACTIVITE DES MUTUELLES","Ensemble","3","16","15","593680"
"5","SANTE HUMAINE (QA)","Ensemble","4","28","21","1193397"
"6","ACTION SOCIALE (QB)","Ensemble","8","194","138","3334589"
"6","ACTIVITES FINANCIERES ET ASSURANCES (KZ)","Ensemble","106","912","835","32587261"
"6","AUTRES SECTEURS D ACTIVITE DES MUTUELLES","Ensemble","11","43","38","1404060"
"6","SANTE HUMAINE (QA)","Ensemble","11","230","176","7599559"
"7","ACTION SOCIALE (QB)","Ensemble","14","583","495","12891885"
"7","ACTIVITES FINANCIERES ET ASSURANCES (KZ)","Ensemble","33","199","185","6481137"
"7","AUTRES SECTEURS D ACTIVITE DES MUTUELLES","Ensemble","7","s","16","540480"
"7","SANTE HUMAINE (QA)","Ensemble","4","s","71","2141162"
"8","ACTION SOCIALE (QB)","Ensemble","4","132","103","2655787"
"8","ACTIVITES FINANCIERES ET ASSURANCES (KZ)","Ensemble","22","90","83","3458034"
"8","SANTE HUMAINE (QA)","Ensemble","10","113","93","3374970"
"9","ACTIVITES FINANCIERES ET ASSURANCES (KZ)","Ensemble","13","51","44","1577350"
"9","AUTRES SECTEURS D ACTIVITE DES MUTUELLES","Ensemble","6","s","s","s"
"9","SANTE HUMAINE (QA)","Ensemble","1","s","s","s"
"10","ACTIVITES FINANCIERES ET ASSURANCES (KZ)","Ensemble","27","253","236","9044448"
"10","AUTRES SECTEURS D ACTIVITE DES MUTUELLES","Ensemble","7","97","90","3428856"
"10","SANTE HUMAINE (QA)","Ensemble","3","71","61","1966699"
"11","ACTIVITES FINANCIERES ET ASSURANCES (KZ)","Ensemble","34","228","217","7547875"
"11","AUTRES SECTEURS D ACTIVITE DES MUTUELLES","Ensemble","10","68","66","2095584"
"11","SANTE HUMAINE (QA)","Ensemble","3","36","32","1557404"
"12","ACTION SOCIALE (QB)","Ensemble","2","s","s","s"
"12","ACTIVITES FINANCIERES ET ASSURANCES (KZ)","Ensemble","33","474","453","17208058"
"12","AUTRES SECTEURS D ACTIVITE DES MUTUELLES","Ensemble","13","s","s","s"
"12","SANTE HUMAINE (QA)","Ensemble","20","s","s","s"
"13","ACTION SOCIALE (QB)","Ensemble","13","323","266","7301817"
"13","ACTIVITES FINANCIERES ET ASSURANCES (KZ)","Ensemble","172","2717","2438","101666588"
"13","AUTRES SECTEURS D ACTIVITE DES MUTUELLES","Ensemble","11","106","88","3500386"
"13","SANTE HUMAINE (QA)","Ensemble","34","610","455","22196730"
"14","ACTION SOCIALE (QB)","Ensemble","24","672","584","14504941"
"14","ACTIVITES FINANCIERES ET ASSURANCES (KZ)","Ensemble","52","509","477","18077415"
"14","AUTRES SECTEURS D ACTIVITE DES MUTUELLES","Ensemble","48","183","176","6460750"
"14","SANTE HUMAINE (QA)","Ensemble","16","119","102","4133694"
"15","ACTIVITES FINANCIERES ET ASSURANCES (KZ)","Ensemble","21","181","174","6454204"
"15","AUTRES SECTEURS D ACTIVITE DES MUTUELLES","Ensemble","4","s","s","s"
"15","SANTE HUMAINE (QA)","Ensemble","2","s","s","s"
"16","ACTION SOCIALE (QB)","Ensemble","6","476","422","10686716"
"16","ACTIVITES FINANCIERES ET ASSURANCES (KZ)","Ensemble","36","390","363","14058709"
"16","AUTRES SECTEURS D ACTIVITE DES MUTUELLES","Ensemble","10","54","52","1860353"
"16","SANTE HUMAINE (QA)","Ensemble","7","96","90","4106719"
"17","ACTION SOCIALE (QB)","Ensemble","2","s","s","s"
"17","ACTIVITES FINANCIERES ET ASSURANCES (KZ)","Ensemble","56","470","441","16429638"
"17","AUTRES SECTEURS D ACTIVITE DES MUTUELLES","Ensemble","11","s","s","s"
"17","SANTE HUMAINE (QA)","Ensemble","10","s","s","s"
"18","ACTION SOCIALE (QB)","Ensemble","4","109","108","2686463"
"18","ACTIVITES FINANCIERES ET ASSURANCES (KZ)","Ensemble","33","353","335","11674269"
"18","AUTRES SECTEURS D ACTIVITE DES MUTUELLES","Ensemble","5","17","17","528690"
"18","SANTE HUMAINE (QA)","Ensemble","5","26","28","1601737"
"19","ACTION SOCIALE (QB)","Ensemble","8","43","40","s"
"19","ACTIVITES FINANCIERES ET ASSURANCES (KZ)","Ensemble","25","205","196","7537147"
"19","AUTRES SECTEURS D ACTIVITE DES MUTUELLES","Ensemble","7","s","s","s"
"19","SANTE HUMAINE (QA)","Ensemble","2","s","s","s"
"21","ACTION SOCIALE (QB)","Ensemble","43","2737","2244","51396063"
"21","ACTIVITES FINANCIERES ET ASSURANCES (KZ)","Ensemble","55","889","850","34377764"
"21","AUTRES SECTEURS D ACTIVITE DES MUTUELLES","Ensemble","16","89","82","2493576"
"21","SANTE HUMAINE (QA)","Ensemble","5","187","151","4796799"
"22","ACTION SOCIALE (QB)","Ensemble","10","301","234","6163978"
"22","ACTIVITES FINANCIERES ET ASSURANCES (KZ)","Ensemble","39","727","686","24551417"
"22","AUTRES SECTEURS D ACTIVITE DES MUTUELLES","Ensemble","10","43","41","1250685"
"22","SANTE HUMAINE (QA)","Ensemble","6","171","142","5549308"
"23","ACTIVITES FINANCIERES ET ASSURANCES (KZ)","Ensemble","11","133","123","4472833"
"23","AUTRES SECTEURS D ACTIVITE DES MUTUELLES","Ensemble","4","s","s","s"
"23","SANTE HUMAINE (QA)","Ensemble","2","s","s","s"
"24","ACTIVITES FINANCIERES ET ASSURANCES (KZ)","Ensemble","32","173","170","5956636"
"24","AUTRES SECTEURS D ACTIVITE DES MUTUELLES","Ensemble","7","s","s","s"
"24","SANTE HUMAINE (QA)","Ensemble","1","s","s","s"
"25","ACTION SOCIALE (QB)","Ensemble","14","555","447","12489916"
"25","ACTIVITES FINANCIERES ET ASSURANCES (KZ)","Ensemble","50","399","371","14695044"
"25","AUTRES SECTEURS D ACTIVITE DES MUTUELLES","Ensemble","11","45","38","1341450"
"25","SANTE HUMAINE (QA)","Ensemble","9","431","383","13003642"
"26","ACTION SOCIALE (QB)","Ensemble","41","1686","1369","36248554"
"26","ACTIVITES FINANCIERES ET ASSURANCES (KZ)","Ensemble","40","853","774","30030678"
"26","AUTRES SECTEURS D ACTIVITE DES MUTUELLES","Ensemble","14","54","56","1702797"
"26","SANTE HUMAINE (QA)","Ensemble","12","196","155","5926832"
"27","ACTIVITES FINANCIERES ET ASSURANCES (KZ)","Ensemble","34","174","155","5755175"
"27","AUTRES SECTEURS D ACTIVITE DES MUTUELLES","Ensemble","13","41","45","1594657"
"27","SANTE HUMAINE (QA)","Ensemble","10","48","49","2804279"
"28","ACTIVITES FINANCIERES ET ASSURANCES (KZ)","Ensemble","33","s","s","s"
"28","AUTRES SECTEURS D ACTIVITE DES MUTUELLES","Ensemble","5","s","s","s"
"28","SANTE HUMAINE (QA)","Ensemble","2","s","s","s"
"29","ACTION SOCIALE (QB)","Ensemble","21","814","680","17239904"
"29","ACTIVITES FINANCIERES ET ASSURANCES (KZ)","Ensemble","64","1207","1158","44170824"
"29","AUTRES SECTEURS D ACTIVITE DES MUTUELLES","Ensemble","28","77","71","2202641"
"29","SANTE HUMAINE (QA)","Ensemble","8","161","118","3844741"
"2A","ACTION SOCIALE (QB)","Ensemble","2","s","s","s"
"2A","ACTIVITES FINANCIERES ET ASSURANCES (KZ)","Ensemble","14","79","76","3265047"
"2A","AUTRES SECTEURS D ACTIVITE DES MUTUELLES","Ensemble","4","s","s","s"
"2A","SANTE HUMAINE (QA)","Ensemble","5","s","s","s"
"2B","ACTION SOCIALE (QB)","Ensemble","7","109","91","2804004"
"2B","ACTIVITES FINANCIERES ET ASSURANCES (KZ)","Ensemble","20","133","127","5184051"
"2B","AUTRES SECTEURS D ACTIVITE DES MUTUELLES","Ensemble","3","6","7","267987"
"2B","SANTE HUMAINE (QA)","Ensemble","6","42","37","2280142"
"30","ACTION SOCIALE (QB)","Ensemble","5","160","140","3618933"
"30","ACTIVITES FINANCIERES ET ASSURANCES (KZ)","Ensemble","51","395","366","14251099"
"30","AUTRES SECTEURS D ACTIVITE DES MUTUELLES","Ensemble","31","96","89","2460149"
"30","SANTE HUMAINE (QA)","Ensemble","16","196","163","8822004"
"31","ACTION SOCIALE (QB)","Ensemble","18","253","229","5179218"
"31","ACTIVITES FINANCIERES ET ASSURANCES (KZ)","Ensemble","121","2033","1891","79664738"
"31","AUTRES SECTEURS D ACTIVITE DES MUTUELLES","Ensemble","15","53","49","1593493"
"31","SANTE HUMAINE (QA)","Ensemble","14","252","217","8682304"
"32","ACTIVITES FINANCIERES ET ASSURANCES (KZ)","Ensemble","16","s","s","s"
"32","AUTRES SECTEURS D ACTIVITE DES MUTUELLES","Ensemble","2","s","s","s"
"33","ACTION SOCIALE (QB)","Ensemble","8","168","158","4591027"
"33","ACTIVITES FINANCIERES ET ASSURANCES (KZ)","Ensemble","123","1948","1787","69810662"
"33","AUTRES SECTEURS D ACTIVITE DES MUTUELLES","Ensemble","24","221","176","5929880"
"33","SANTE HUMAINE (QA)","Ensemble","9","827","753","30872963"
"34","ACTION SOCIALE (QB)","Ensemble","25","888","779","21033561"
"34","ACTIVITES FINANCIERES ET ASSURANCES (KZ)","Ensemble","85","1977","1785","73425344"
"34","AUTRES SECTEURS D ACTIVITE DES MUTUELLES","Ensemble","37","465","439","15176176"
"34","SANTE HUMAINE (QA)","Ensemble","22","977","891","35968407"
"35","ACTION SOCIALE (QB)","Ensemble","2","s","s","s"
"35","ACTIVITES FINANCIERES ET ASSURANCES (KZ)","Ensemble","76","1338","1249","49514609"
"35","AUTRES SECTEURS D ACTIVITE DES MUTUELLES","Ensemble","20","s","s","s"
"35","SANTE HUMAINE (QA)","Ensemble","13","s","s","s"
"36","ACTIVITES FINANCIERES ET ASSURANCES (KZ)","Ensemble","19","101","95","3471214"
"36","AUTRES SECTEURS D ACTIVITE DES MUTUELLES","Ensemble","8","40","38","1327759"
"36","SANTE HUMAINE (QA)","Ensemble","4","32","32","1794776"
"37","ACTION SOCIALE (QB)","Ensemble","22","510","440","11890559"
"37","ACTIVITES FINANCIERES ET ASSURANCES (KZ)","Ensemble","58","1237","1139","50352759"
"37","AUTRES SECTEURS D ACTIVITE DES MUTUELLES","Ensemble","14","191","180","5991364"
"37","SANTE HUMAINE (QA)","Ensemble","9","285","240","8833399"
"38","ACTION SOCIALE (QB)","Ensemble","28","1258","1104","31849168"
"38","ACTIVITES FINANCIERES ET ASSURANCES (KZ)","Ensemble","80","995","940","40112666"
"38","AUTRES SECTEURS D ACTIVITE DES MUTUELLES","Ensemble","34","252","222","7712716"
"38","SANTE HUMAINE (QA)","Ensemble","24","1521","1283","54924874"
"39","ACTION SOCIALE (QB)","Ensemble","10","86","74","1886027"
"39","ACTIVITES FINANCIERES ET ASSURANCES (KZ)","Ensemble","28","187","170","6637267"
"39","AUTRES SECTEURS D ACTIVITE DES MUTUELLES","Ensemble","12","81","69","2189999"
"39","SANTE HUMAINE (QA)","Ensemble","8","186","166","6076652"
"40","ACTIVITES FINANCIERES ET ASSURANCES (KZ)","Ensemble","32","180","171","6372274"
"40","AUTRES SECTEURS D ACTIVITE DES MUTUELLES","Ensemble","7","34","30","1023276"
"40","SANTE HUMAINE (QA)","Ensemble","8","49","43","2322318"
"41","ACTION SOCIALE (QB)","Ensemble","4","132","124","3486239"
"41","ACTIVITES FINANCIERES ET ASSURANCES (KZ)","Ensemble","33","281","253","10279237"
"41","AUTRES SECTEURS D ACTIVITE DES MUTUELLES","Ensemble","5","21","21","708544"
"41","SANTE HUMAINE (QA)","Ensemble","8","185","158","6129209"
"42","ACTION SOCIALE (QB)","Ensemble","18","731","575","16324208"
"42","ACTIVITES FINANCIERES ET ASSURANCES (KZ)","Ensemble","56","1392","1256","46910089"
"42","AUTRES SECTEURS D ACTIVITE DES MUTUELLES","Ensemble","19","108","101","3277392"
"42","SANTE HUMAINE (QA)","Ensemble","16","816","709","34464389"
"43","ACTION SOCIALE (QB)","Ensemble","2","s","s","s"
"43","ACTIVITES FINANCIERES ET ASSURANCES (KZ)","Ensemble","17","146","132","5116598"
"43","AUTRES SECTEURS D ACTIVITE DES MUTUELLES","Ensemble","2","s","s","s"
"43","SANTE HUMAINE (QA)","Ensemble","1","s","s","s"
"44","ACTION SOCIALE (QB)","Ensemble","55","1358","1133","30263852"
"44","ACTIVITES FINANCIERES ET ASSURANCES (KZ)","Ensemble","94","1629","1545","60624452"
"44","AUTRES SECTEURS D ACTIVITE DES MUTUELLES","Ensemble","27","185","164","5921341"
"44","SANTE HUMAINE (QA)","Ensemble","12","614","531","22843013"
"45","ACTION SOCIALE (QB)","Ensemble","7","138","128","3316410"
"45","ACTIVITES FINANCIERES ET ASSURANCES (KZ)","Ensemble","57","2043","1918","84688460"
"45","AUTRES SECTEURS D ACTIVITE DES MUTUELLES","Ensemble","11","46","47","1875198"
"45","SANTE HUMAINE (QA)","Ensemble","6","92","88","3491260"
"46","ACTION SOCIALE (QB)","Ensemble","2","s","s","s"
"46","ACTIVITES FINANCIERES ET ASSURANCES (KZ)","Ensemble","18","157","148","5554764"
"46","AUTRES SECTEURS D ACTIVITE DES MUTUELLES","Ensemble","7","24","20","761249"
"46","SANTE HUMAINE (QA)","Ensemble","1","s","s","s"
"47","ACTION SOCIALE (QB)","Ensemble","1","s","s","s"
"47","ACTIVITES FINANCIERES ET ASSURANCES (KZ)","Ensemble","39","439","388","18254924"
"47","AUTRES SECTEURS D ACTIVITE DES MUTUELLES","Ensemble","9","s","s","s"
"47","SANTE HUMAINE (QA)","Ensemble","6","s","s","s"
"48","ACTIVITES FINANCIERES ET ASSURANCES (KZ)","Ensemble","9","28","23","905835"
"48","AUTRES SECTEURS D ACTIVITE DES MUTUELLES","Ensemble","6","s","s","s"
"48","SANTE HUMAINE (QA)","Ensemble","2","s","s","s"
"49","ACTION SOCIALE (QB)","Ensemble","53","1242","1107","28337525"
"49","ACTIVITES FINANCIERES ET ASSURANCES (KZ)","Ensemble","48","898","887","33512043"
"49","AUTRES SECTEURS D ACTIVITE DES MUTUELLES","Ensemble","15","143","142","4678852"
"49","SANTE HUMAINE (QA)","Ensemble","8","206","162","5269837"
"50","ACTIVITES FINANCIERES ET ASSURANCES (KZ)","Ensemble","33","152","139","5074937"
"50","AUTRES SECTEURS D ACTIVITE DES MUTUELLES","Ensemble","4","s","s","s"
"50","SANTE HUMAINE (QA)","Ensemble","2","s","s","s"
"51","ACTION SOCIALE (QB)","Ensemble","1","s","s","s"
"51","ACTIVITES FINANCIERES ET ASSURANCES (KZ)","Ensemble","47","873","820","37564216"
"51","AUTRES SECTEURS D ACTIVITE DES MUTUELLES","Ensemble","3","s","s","s"
"51","SANTE HUMAINE (QA)","Ensemble","1","s","s","s"
"52","ACTIVITES FINANCIERES ET ASSURANCES (KZ)","Ensemble","16","163","155","6042483"
"52","AUTRES SECTEURS D ACTIVITE DES MUTUELLES","Ensemble","4","s","s","s"
"52","SANTE HUMAINE (QA)","Ensemble","2","s","s","s"
"53","ACTIVITES FINANCIERES ET ASSURANCES (KZ)","Ensemble","20","409","344","14722721"
"53","AUTRES SECTEURS D ACTIVITE DES MUTUELLES","Ensemble","5","36","36","1302069"
"53","SANTE HUMAINE (QA)","Ensemble","5","37","32","1473572"
"54","ACTION SOCIALE (QB)","Ensemble","2","s","s","s"
"54","ACTIVITES FINANCIERES ET ASSURANCES (KZ)","Ensemble","77","1247","1177","45662454"
"54","AUTRES SECTEURS D ACTIVITE DES MUTUELLES","Ensemble","11","s","s","s"
"54","SANTE HUMAINE (QA)","Ensemble","7","s","s","s"
"55","ACTIVITES FINANCIERES ET ASSURANCES (KZ)","Ensemble","20","106","96","3790373"
"55","AUTRES SECTEURS D ACTIVITE DES MUTUELLES","Ensemble","2","s","s","s"
"55","SANTE HUMAINE (QA)","Ensemble","3","s","s","s"
"56","ACTION SOCIALE (QB)","Ensemble","28","730","629","16274977"
"56","ACTIVITES FINANCIERES ET ASSURANCES (KZ)","Ensemble","54","766","721","27427867"
"56","AUTRES SECTEURS D ACTIVITE DES MUTUELLES","Ensemble","16","s","s","s"
"56","SANTE HUMAINE (QA)","Ensemble","4","s","s","s"
"57","ACTIVITES FINANCIERES ET ASSURANCES (KZ)","Ensemble","58","502","469","18618606"
"57","AUTRES SECTEURS D ACTIVITE DES MUTUELLES","Ensemble","9","21","19","604605"
"57","SANTE HUMAINE (QA)","Ensemble","3","26","27","1141830"
"58","ACTION SOCIALE (QB)","Ensemble","4","s","s","s"
"58","ACTIVITES FINANCIERES ET ASSURANCES (KZ)","Ensemble","24","159","150","5913256"
"58","AUTRES SECTEURS D ACTIVITE DES MUTUELLES","Ensemble","5","s","s","s"
"58","SANTE HUMAINE (QA)","Ensemble","4","s","s","s"
"59","ACTION SOCIALE (QB)","Ensemble","1","s","s","s"
"59","ACTIVITES FINANCIERES ET ASSURANCES (KZ)","Ensemble","148","2433","2249","90512585"
"59","AUTRES SECTEURS D ACTIVITE DES MUTUELLES","Ensemble","46","s","s","s"
"59","SANTE HUMAINE (QA)","Ensemble","26","s","s","s"
"60","ACTION SOCIALE (QB)","Ensemble","1","s","s","s"
"60","ACTIVITES FINANCIERES ET ASSURANCES (KZ)","Ensemble","42","1000","923","40081181"
"60","AUTRES SECTEURS D ACTIVITE DES MUTUELLES","Ensemble","6","s","s","s"
"60","SANTE HUMAINE (QA)","Ensemble","2","s","s","s"
"61","ACTION SOCIALE (QB)","Ensemble","2","s","s","s"
"61","ACTIVITES FINANCIERES ET ASSURANCES (KZ)","Ensemble","25","159","149","5490871"
"61","AUTRES SECTEURS D ACTIVITE DES MUTUELLES","Ensemble","9","s","s","s"
"61","SANTE HUMAINE (QA)","Ensemble","9","s","s","s"
"62","ACTION SOCIALE (QB)","Ensemble","1","s","s","s"
"62","ACTIVITES FINANCIERES ET ASSURANCES (KZ)","Ensemble","78","1002","925","40151922"
"62","AUTRES SECTEURS D ACTIVITE DES MUTUELLES","Ensemble","24","s","s","s"
"62","SANTE HUMAINE (QA)","Ensemble","12","142","122","5105632"
"63","ACTION SOCIALE (QB)","Ensemble","5","199","178","4513833"
"63","ACTIVITES FINANCIERES ET ASSURANCES (KZ)","Ensemble","76","896","838","32879658"
"63","AUTRES SECTEURS D ACTIVITE DES MUTUELLES","Ensemble","15","58","56","1771236"
"63","SANTE HUMAINE (QA)","Ensemble","10","50","40","2229748"
"64","ACTION SOCIALE (QB)","Ensemble","3","51","54","1308746"
"64","ACTIVITES FINANCIERES ET ASSURANCES (KZ)","Ensemble","64","748","693","28661371"
"64","AUTRES SECTEURS D ACTIVITE DES MUTUELLES","Ensemble","7","90","87","3113649"
"64","SANTE HUMAINE (QA)","Ensemble","3","68","62","4145957"
"65","ACTION SOCIALE (QB)","Ensemble","1","s","s","s"
"65","ACTIVITES FINANCIERES ET ASSURANCES (KZ)","Ensemble","32","267","242","8312933"
"65","AUTRES SECTEURS D ACTIVITE DES MUTUELLES","Ensemble","1","s","s","s"
"65","SANTE HUMAINE (QA)","Ensemble","2","s","s","s"
"66","ACTION SOCIALE (QB)","Ensemble","1","s","s","s"
"66","ACTIVITES FINANCIERES ET ASSURANCES (KZ)","Ensemble","27","434","418","15221679"
"66","AUTRES SECTEURS D ACTIVITE DES MUTUELLES","Ensemble","7","35","34","1032016"
"66","SANTE HUMAINE (QA)","Ensemble","1","s","s","s"
"67","ACTIVITES FINANCIERES ET ASSURANCES (KZ)","Ensemble","58","1161","1090","47180128"
"67","AUTRES SECTEURS D ACTIVITE DES MUTUELLES","Ensemble","10","67","63","2047464"
"67","SANTE HUMAINE (QA)","Ensemble","5","168","131","7154571"
"68","ACTION SOCIALE (QB)","Ensemble","1","s","s","s"
"68","ACTIVITES FINANCIERES ET ASSURANCES (KZ)","Ensemble","41","665","585","27599295"
"68","AUTRES SECTEURS D ACTIVITE DES MUTUELLES","Ensemble","4","s","s","s"
"68","SANTE HUMAINE (QA)","Ensemble","5","367","324","13300301"
"69","ACTION SOCIALE (QB)","Ensemble","21","s","35","1093421"
"69","ACTIVITES FINANCIERES ET ASSURANCES (KZ)","Ensemble","150","3376","3127","142486968"
"69","AUTRES SECTEURS D ACTIVITE DES MUTUELLES","Ensemble","12","s","118","3942454"
"69","SANTE HUMAINE (QA)","Ensemble","10","s","91","4399812"
"70","ACTION SOCIALE (QB)","Ensemble","1","s","s","s"
"70","ACTIVITES FINANCIERES ET ASSURANCES (KZ)","Ensemble","20","174","154","6009656"
"70","AUTRES SECTEURS D ACTIVITE DES MUTUELLES","Ensemble","8","55","51","1575660"
"70","SANTE HUMAINE (QA)","Ensemble","4","s","s","s"
"71","ACTION SOCIALE (QB)","Ensemble","12","638","525","12085915"
"71","ACTIVITES FINANCIERES ET ASSURANCES (KZ)","Ensemble","62","528","502","19296792"
"71","AUTRES SECTEURS D ACTIVITE DES MUTUELLES","Ensemble","15","52","51","1590447"
"71","SANTE HUMAINE (QA)","Ensemble","10","52","49","2321710"
"72","ACTION SOCIALE (QB)","Ensemble","2","s","s","s"
"72","ACTIVITES FINANCIERES ET ASSURANCES (KZ)","Ensemble","42","509","479","20600913"
"72","AUTRES SECTEURS D ACTIVITE DES MUTUELLES","Ensemble","9","63","65","s"
"72","SANTE HUMAINE (QA)","Ensemble","5","s","s","2262561"
"73","ACTIVITES FINANCIERES ET ASSURANCES (KZ)","Ensemble","40","463","436","17119465"
"73","AUTRES SECTEURS D ACTIVITE DES MUTUELLES","Ensemble","6","21","18","615974"
"73","SANTE HUMAINE (QA)","Ensemble","6","50","42","2169123"
"74","ACTION SOCIALE (QB)","Ensemble","3","19","15","356667"
"74","ACTIVITES FINANCIERES ET ASSURANCES (KZ)","Ensemble","61","574","543","21008361"
"74","AUTRES SECTEURS D ACTIVITE DES MUTUELLES","Ensemble","18","137","124","5090681"
"74","SANTE HUMAINE (QA)","Ensemble","17","329","295","11885454"
"75","ACTION SOCIALE (QB)","Ensemble","7","203","174","6637774"
"75","ACTIVITES FINANCIERES ET ASSURANCES (KZ)","Ensemble","276","10799","10165","541361747"
"75","AUTRES SECTEURS D ACTIVITE DES MUTUELLES","Ensemble","35","150","147","12276236"
"75","SANTE HUMAINE (QA)","Ensemble","20","3206","2656","120230977"
"76","ACTION SOCIALE (QB)","Ensemble","5","199","185","4800426"
"76","ACTIVITES FINANCIERES ET ASSURANCES (KZ)","Ensemble","112","3236","2914","142198292"
"76","AUTRES SECTEURS D ACTIVITE DES MUTUELLES","Ensemble","41","183","177","6707931"
"76","SANTE HUMAINE (QA)","Ensemble","22","141","128","5806258"
"77","ACTION SOCIALE (QB)","Ensemble","4","s","360","10311113"
"77","ACTIVITES FINANCIERES ET ASSURANCES (KZ)","Ensemble","57","575","536","25877281"
"77","AUTRES SECTEURS D ACTIVITE DES MUTUELLES","Ensemble","3","0","s","s"
"77","SANTE HUMAINE (QA)","Ensemble","4","s","s","s"
"78","ACTION SOCIALE (QB)","Ensemble","5","s","s","s"
"78","ACTIVITES FINANCIERES ET ASSURANCES (KZ)","Ensemble","51","767","690","29883295"
"78","AUTRES SECTEURS D ACTIVITE DES MUTUELLES","Ensemble","5","s","s","s"
"78","SANTE HUMAINE (QA)","Ensemble","4","s","s","s"
"79","ACTION SOCIALE (QB)","Ensemble","1","s","s","s"
"79","ACTIVITES FINANCIERES ET ASSURANCES (KZ)","Ensemble","44","8362","7848","418080568"
"79","AUTRES SECTEURS D ACTIVITE DES MUTUELLES","Ensemble","6","72","68","2280062"
"79","SANTE HUMAINE (QA)","Ensemble","4","s","s","s"
"80","ACTION SOCIALE (QB)","Ensemble","1","s","s","s"
"80","ACTIVITES FINANCIERES ET ASSURANCES (KZ)","Ensemble","52","461","436","17030347"
"80","AUTRES SECTEURS D ACTIVITE DES MUTUELLES","Ensemble","4","s","s","s"
"80","SANTE HUMAINE (QA)","Ensemble","5","s","s","s"
"81","ACTION SOCIALE (QB)","Ensemble","10","111","90","2157649"
"81","ACTIVITES FINANCIERES ET ASSURANCES (KZ)","Ensemble","42","504","461","16881482"
"81","AUTRES SECTEURS D ACTIVITE DES MUTUELLES","Ensemble","15","126","116","3134101"
"81","SANTE HUMAINE (QA)","Ensemble","23","462","401","13181560"
"82","ACTION SOCIALE (QB)","Ensemble","7","223","182","4591890"
"82","ACTIVITES FINANCIERES ET ASSURANCES (KZ)","Ensemble","26","319","297","12234053"
"82","AUTRES SECTEURS D ACTIVITE DES MUTUELLES","Ensemble","4","s","s","s"
"82","SANTE HUMAINE (QA)","Ensemble","3","s","s","s"
"83","ACTION SOCIALE (QB)","Ensemble","10","359","319","8320566"
"83","ACTIVITES FINANCIERES ET ASSURANCES (KZ)","Ensemble","67","659","615","25646611"
"83","AUTRES SECTEURS D ACTIVITE DES MUTUELLES","Ensemble","13","68","66","2389680"
"83","SANTE HUMAINE (QA)","Ensemble","13","631","533","23655046"
"84","ACTIVITES FINANCIERES ET ASSURANCES (KZ)","Ensemble","60","551","504","20321658"
"84","AUTRES SECTEURS D ACTIVITE DES MUTUELLES","Ensemble","16","45","40","1549721"
"84","SANTE HUMAINE (QA)","Ensemble","13","162","126","5892852"
"85","ACTION SOCIALE (QB)","Ensemble","1","s","s","s"
"85","ACTIVITES FINANCIERES ET ASSURANCES (KZ)","Ensemble","46","403","362","12641088"
"85","AUTRES SECTEURS D ACTIVITE DES MUTUELLES","Ensemble","31","s","s","s"
"85","SANTE HUMAINE (QA)","Ensemble","9","s","s","s"
"86","ACTION SOCIALE (QB)","Ensemble","6","371","311","7408753"
"86","ACTIVITES FINANCIERES ET ASSURANCES (KZ)","Ensemble","36","575","537","23212527"
"86","AUTRES SECTEURS D ACTIVITE DES MUTUELLES","Ensemble","10","45","41","1261462"
"87","ACTION SOCIALE (QB)","Ensemble","26","405","359","9379690"
"87","ACTIVITES FINANCIERES ET ASSURANCES (KZ)","Ensemble","44","278","254","9523592"
"87","AUTRES SECTEURS D ACTIVITE DES MUTUELLES","Ensemble","18","141","127","4243241"
"87","SANTE HUMAINE (QA)","Ensemble","14","162","153","5890495"
"88","ACTIVITES FINANCIERES ET ASSURANCES (KZ)","Ensemble","32","249","230","8394362"
"88","AUTRES SECTEURS D ACTIVITE DES MUTUELLES","Ensemble","6","29","27","793908"
"88","SANTE HUMAINE (QA)","Ensemble","8","101","84","3044038"
"89","ACTION SOCIALE (QB)","Ensemble","11","281","228","5599312"
"89","ACTIVITES FINANCIERES ET ASSURANCES (KZ)","Ensemble","33","295","283","11049294"
"89","AUTRES SECTEURS D ACTIVITE DES MUTUELLES","Ensemble","7","s","s","s"
"89","SANTE HUMAINE (QA)","Ensemble","2","s","s","s"
"90","ACTION SOCIALE (QB)","Ensemble","4","s","94","2435002"
"90","ACTIVITES FINANCIERES ET ASSURANCES (KZ)","Ensemble","20","157","124","4771280"
"90","AUTRES SECTEURS D ACTIVITE DES MUTUELLES","Ensemble","5","s","55","1622338"
"90","SANTE HUMAINE (QA)","Ensemble","10","s","46","2071461"
"91","ACTION SOCIALE (QB)","Ensemble","2","s","s","s"
"91","ACTIVITES FINANCIERES ET ASSURANCES (KZ)","Ensemble","46","593","518","21070021"
"91","AUTRES SECTEURS D ACTIVITE DES MUTUELLES","Ensemble","2","s","s","s"
"91","SANTE HUMAINE (QA)","Ensemble","2","s","s","s"
"92","ACTION SOCIALE (QB)","Ensemble","5","s","36","1489659"
"92","ACTIVITES FINANCIERES ET ASSURANCES (KZ)","Ensemble","66","2516","2446","137353283"
"92","AUTRES SECTEURS D ACTIVITE DES MUTUELLES","Ensemble","7","s","39","1235402"
"92","SANTE HUMAINE (QA)","Ensemble","5","s","281","10952107"
"93","ACTION SOCIALE (QB)","Ensemble","1","s","s","s"
"93","ACTIVITES FINANCIERES ET ASSURANCES (KZ)","Ensemble","47","625","576","24376229"
"93","AUTRES SECTEURS D ACTIVITE DES MUTUELLES","Ensemble","4","s","s","s"
"93","SANTE HUMAINE (QA)","Ensemble","8","s","s","s"
"94","ACTIVITES FINANCIERES ET ASSURANCES (KZ)","Ensemble","47","1351","1263","51882962"
"94","AUTRES SECTEURS D ACTIVITE DES MUTUELLES","Ensemble","3","s","11","s"
"94","SANTE HUMAINE (QA)","Ensemble","3","s","40","s"
"95","ACTION SOCIALE (QB)","Ensemble","5","312","281","8688355"
"95","ACTIVITES FINANCIERES ET ASSURANCES (KZ)","Ensemble","27","190","168","7283227"
"95","AUTRES SECTEURS D ACTIVITE DES MUTUELLES","Ensemble","5","s","s","s"
"95","SANTE HUMAINE (QA)","Ensemble","4","s","s","s"
"971","ACTION SOCIALE (QB)","Ensemble","2","s","s","s"
"971","ACTIVITES FINANCIERES ET ASSURANCES (KZ)","Ensemble","32","287","273","12214887"
"971","AUTRES SECTEURS D ACTIVITE DES MUTUELLES","Ensemble","2","s","s","s"
"972","ACTIVITES FINANCIERES ET ASSURANCES (KZ)","Ensemble","30","s","s","s"
"972","AUTRES SECTEURS D ACTIVITE DES MUTUELLES","Ensemble","2","s","s","s"
"973","ACTIVITES FINANCIERES ET ASSURANCES (KZ)","Ensemble","11","s","42","1710631"
"974","ACTIVITES FINANCIERES ET ASSURANCES (KZ)","Ensemble","37","668","608","27030726"
"974","AUTRES SECTEURS D ACTIVITE DES MUTUELLES","Ensemble","4","26","24","804669"
"1","ACTION SOCIALE (QB)","Action sociale sans hebergement","1","s","s","s"
"1","ACTION SOCIALE (QB)","Hebergement medico-social et social","3","s","s","s"
"1","ACTIVITES FINANCIERES ET ASSURANCES (KZ)","Activites de services financiers et d assurances","3","10","9","376309"
"1","ACTIVITES FINANCIERES ET ASSURANCES (KZ)","Assurances","49","403","367","14384386"
"2","ACTION SOCIALE (QB)","Hebergement medico-social et social","1","s","s","s"
"2","ACTIVITES FINANCIERES ET ASSURANCES (KZ)","Activites de services financiers et d assurances","4","9","8","368913"
"2","ACTIVITES FINANCIERES ET ASSURANCES (KZ)","Assurances","45","360","347","13809990"
"3","ACTION SOCIALE (QB)","Action sociale sans hebergement","3","66","50","1340943"
"3","ACTIVITES FINANCIERES ET ASSURANCES (KZ)","Activites de services financiers et d assurances","1","s","s","s"
"3","ACTIVITES FINANCIERES ET ASSURANCES (KZ)","Assurances","33","s","s","s"
"4","ACTIVITES FINANCIERES ET ASSURANCES (KZ)","Activites de services financiers et d assurances","1","s","s","s"
"4","ACTIVITES FINANCIERES ET ASSURANCES (KZ)","Assurances","23","s","s","s"
"5","ACTIVITES FINANCIERES ET ASSURANCES (KZ)","Assurances","19","60","60","2322538"
"6","ACTION SOCIALE (QB)","Action sociale sans hebergement","8","194","138","3334589"
"6","ACTIVITES FINANCIERES ET ASSURANCES (KZ)","Activites de services financiers et d assurances","2","s","s","s"
"6","ACTIVITES FINANCIERES ET ASSURANCES (KZ)","Assurances","104","s","s","s"
"7","ACTION SOCIALE (QB)","Action sociale sans hebergement","1","s","s","s"
"7","ACTION SOCIALE (QB)","Hebergement medico-social et social","13","s","s","s"
"7","ACTIVITES FINANCIERES ET ASSURANCES (KZ)","Activites de services financiers et d assurances","1","s","s","s"
"7","ACTIVITES FINANCIERES ET ASSURANCES (KZ)","Assurances","32","s","s","s"
"8","ACTION SOCIALE (QB)","Action sociale sans hebergement","1","s","s","s"
"8","ACTION SOCIALE (QB)","Hebergement medico-social et social","3","s","s","s"
"8","ACTIVITES FINANCIERES ET ASSURANCES (KZ)","Activites de services financiers et d assurances","1","s","s","s"
"8","ACTIVITES FINANCIERES ET ASSURANCES (KZ)","Assurances","21","s","s","s"
"9","ACTIVITES FINANCIERES ET ASSURANCES (KZ)","Assurances","13","51","44","1577350"
"10","ACTIVITES FINANCIERES ET ASSURANCES (KZ)","Activites de services financiers et d assurances","1","s","s","s"
"10","ACTIVITES FINANCIERES ET ASSURANCES (KZ)","Assurances","26","s","s","s"
"11","ACTIVITES FINANCIERES ET ASSURANCES (KZ)","Activites de services financiers et d assurances","3","14","15","579022"
"11","ACTIVITES FINANCIERES ET ASSURANCES (KZ)","Assurances","31","214","202","6968853"
"12","ACTION SOCIALE (QB)","Hebergement medico-social et social","2","s","s","s"
"12","ACTIVITES FINANCIERES ET ASSURANCES (KZ)","Activites de services financiers et d assurances","1","s","s","s"
"12","ACTIVITES FINANCIERES ET ASSURANCES (KZ)","Assurances","32","s","s","s"
"13","ACTION SOCIALE (QB)","Action sociale sans hebergement","9","108","71","1853079"
"13","ACTION SOCIALE (QB)","Hebergement medico-social et social","4","215","195","5448738"
"13","ACTIVITES FINANCIERES ET ASSURANCES (KZ)","Activites de services financiers et d assurances","9","153","145","6162461"
"13","ACTIVITES FINANCIERES ET ASSURANCES (KZ)","Assurances","163","2564","2293","95504127"
"14","ACTION SOCIALE (QB)","Action sociale sans hebergement","11","208","153","3213575"
"14","ACTION SOCIALE (QB)","Hebergement medico-social et social","13","464","431","11291366"
"14","ACTIVITES FINANCIERES ET ASSURANCES (KZ)","Assurances","52","509","477","18077415"
"15","ACTIVITES FINANCIERES ET ASSURANCES (KZ)","Activites de services financiers et d assurances","2","s","s","s"
"15","ACTIVITES FINANCIERES ET ASSURANCES (KZ)","Assurances","19","s","s","s"
"16","ACTION SOCIALE (QB)","Action sociale sans hebergement","2","s","s","s"
"16","ACTION SOCIALE (QB)","Hebergement medico-social et social","4","s","s","s"
"16","ACTIVITES FINANCIERES ET ASSURANCES (KZ)","Assurances","36","390","363","14058709"
"17","ACTION SOCIALE (QB)","Action sociale sans hebergement","2","s","s","s"
"17","ACTIVITES FINANCIERES ET ASSURANCES (KZ)","Activites de services financiers et d assurances","1","s","s","s"
"17","ACTIVITES FINANCIERES ET ASSURANCES (KZ)","Assurances","55","s","s","s"
"18","ACTION SOCIALE (QB)","Action sociale sans hebergement","2","s","s","s"
"18","ACTION SOCIALE (QB)","Hebergement medico-social et social","2","s","s","s"
"18","ACTIVITES FINANCIERES ET ASSURANCES (KZ)","Activites de services financiers et d assurances","1","s","s","s"
"18","ACTIVITES FINANCIERES ET ASSURANCES (KZ)","Assurances","32","s","s","s"
"19","ACTION SOCIALE (QB)","Action sociale sans hebergement","3","s","s","s"
"19","ACTION SOCIALE (QB)","Hebergement medico-social et social","5","s","s","s"
"19","ACTIVITES FINANCIERES ET ASSURANCES (KZ)","Assurances","25","205","196","7537147"
"21","ACTION SOCIALE (QB)","Action sociale sans hebergement","18","1676","1343","26699687"
"21","ACTION SOCIALE (QB)","Hebergement medico-social et social","25","1061","902","24696376"
"21","ACTIVITES FINANCIERES ET ASSURANCES (KZ)","Assurances","55","889","850","34377764"
"22","ACTION SOCIALE (QB)","Hebergement medico-social et social","10","301","234","6163978"
"22","ACTIVITES FINANCIERES ET ASSURANCES (KZ)","Assurances","39","727","686","24551417"
"23","ACTIVITES FINANCIERES ET ASSURANCES (KZ)","Activites de services financiers et d assurances","1","s","s","s"
"23","ACTIVITES FINANCIERES ET ASSURANCES (KZ)","Assurances","10","s","s","s"
"24","ACTIVITES FINANCIERES ET ASSURANCES (KZ)","Activites de services financiers et d assurances","1","s","s","s"
"24","ACTIVITES FINANCIERES ET ASSURANCES (KZ)","Assurances","31","s","s","s"
"25","ACTION SOCIALE (QB)","Action sociale sans hebergement","1","s","s","s"
"25","ACTION SOCIALE (QB)","Hebergement medico-social et social","13","s","s","s"
"25","ACTIVITES FINANCIERES ET ASSURANCES (KZ)","Activites de services financiers et d assurances","3","10","9","360305"
"25","ACTIVITES FINANCIERES ET ASSURANCES (KZ)","Assurances","47","389","362","14334739"
"26","ACTION SOCIALE (QB)","Action sociale sans hebergement","14","1011","755","18957933"
"26","ACTION SOCIALE (QB)","Hebergement medico-social et social","27","675","614","17290621"
"26","ACTIVITES FINANCIERES ET ASSURANCES (KZ)","Assurances","40","853","774","30030678"
"27","ACTIVITES FINANCIERES ET ASSURANCES (KZ)","Assurances","34","174","155","5755175"
"28","ACTIVITES FINANCIERES ET ASSURANCES (KZ)","Activites de services financiers et d assurances","1","s","s","s"
"28","ACTIVITES FINANCIERES ET ASSURANCES (KZ)","Assurances","32","s","s","s"
"29","ACTION SOCIALE (QB)","Action sociale sans hebergement","10","392","325","7619863"
"29","ACTION SOCIALE (QB)","Hebergement medico-social et social","11","422","355","9620041"
"29","ACTIVITES FINANCIERES ET ASSURANCES (KZ)","Activites de services financiers et d assurances","1","s","s","s"
"29","ACTIVITES FINANCIERES ET ASSURANCES (KZ)","Assurances","63","s","s","s"
"2A","ACTION SOCIALE (QB)","Hebergement medico-social et social","2","s","s","s"
"2A","ACTIVITES FINANCIERES ET ASSURANCES (KZ)","Activites de services financiers et d assurances","1","s","s","s"
"2A","ACTIVITES FINANCIERES ET ASSURANCES (KZ)","Assurances","13","s","s","s"
"2B","ACTION SOCIALE (QB)","Action sociale sans hebergement","3","s","24","717051"
"2B","ACTION SOCIALE (QB)","Hebergement medico-social et social","4","s","66","2086953"
"2B","ACTIVITES FINANCIERES ET ASSURANCES (KZ)","Activites de services financiers et d assurances","1","s","s","s"
"2B","ACTIVITES FINANCIERES ET ASSURANCES (KZ)","Assurances","19","s","s","s"
"30","ACTION SOCIALE (QB)","Action sociale sans hebergement","2","s","s","s"
"30","ACTION SOCIALE (QB)","Hebergement medico-social et social","3","s","s","s"
"30","ACTIVITES FINANCIERES ET ASSURANCES (KZ)","Activites de services financiers et d assurances","1","s","s","s"
"30","ACTIVITES FINANCIERES ET ASSURANCES (KZ)","Assurances","50","s","s","s"
"31","ACTION SOCIALE (QB)","Action sociale sans hebergement","17","s","s","s"
"31","ACTION SOCIALE (QB)","Hebergement medico-social et social","1","s","s","s"
"31","ACTIVITES FINANCIERES ET ASSURANCES (KZ)","Activites de services financiers et d assurances","9","196","184","7318650"
"31","ACTIVITES FINANCIERES ET ASSURANCES (KZ)","Assurances","112","1837","1707","72346088"
"32","ACTIVITES FINANCIERES ET ASSURANCES (KZ)","Assurances","16","s","s","s"
"33","ACTION SOCIALE (QB)","Action sociale sans hebergement","6","s","s","s"
"33","ACTION SOCIALE (QB)","Hebergement medico-social et social","2","s","s","s"
"33","ACTIVITES FINANCIERES ET ASSURANCES (KZ)","Activites de services financiers et d assurances","4","13","13","524081"
"33","ACTIVITES FINANCIERES ET ASSURANCES (KZ)","Assurances","119","1935","1774","69286581"
"34","ACTION SOCIALE (QB)","Action sociale sans hebergement","4","39","33","737222"
"34","ACTION SOCIALE (QB)","Hebergement medico-social et social","21","849","747","20296339"
"34","ACTIVITES FINANCIERES ET ASSURANCES (KZ)","Activites de services financiers et d assurances","3","11","9","404483"
"34","ACTIVITES FINANCIERES ET ASSURANCES (KZ)","Assurances","82","1966","1775","73020861"
"35","ACTION SOCIALE (QB)","Action sociale sans hebergement","1","s","s","s"
"35","ACTION SOCIALE (QB)","Hebergement medico-social et social","1","s","s","s"
"35","ACTIVITES FINANCIERES ET ASSURANCES (KZ)","Activites de services financiers et d assurances","5","82","79","3174753"
"35","ACTIVITES FINANCIERES ET ASSURANCES (KZ)","Assurances","71","1256","1169","46339856"
"36","ACTIVITES FINANCIERES ET ASSURANCES (KZ)","Activites de services financiers et d assurances","1","s","s","s"
"36","ACTIVITES FINANCIERES ET ASSURANCES (KZ)","Assurances","18","s","s","s"
"37","ACTION SOCIALE (QB)","Action sociale sans hebergement","11","87","80","1894102"
"37","ACTION SOCIALE (QB)","Hebergement medico-social et social","11","423","360","9996457"
"37","ACTIVITES FINANCIERES ET ASSURANCES (KZ)","Activites de services financiers et d assurances","3","s","s","s"
"37","ACTIVITES FINANCIERES ET ASSURANCES (KZ)","Assurances","55","s","s","s"
"38","ACTION SOCIALE (QB)","Action sociale sans hebergement","4","52","45","1397894"
"38","ACTION SOCIALE (QB)","Hebergement medico-social et social","24","1206","1059","30451274"
"38","ACTIVITES FINANCIERES ET ASSURANCES (KZ)","Activites de services financiers et d assurances","5","16","13","717382"
"38","ACTIVITES FINANCIERES ET ASSURANCES (KZ)","Assurances","75","979","927","39395284"
"39","ACTION SOCIALE (QB)","Action sociale sans hebergement","7","8","6","138399"
"39","ACTION SOCIALE (QB)","Hebergement medico-social et social","3","78","68","1747628"
"39","ACTIVITES FINANCIERES ET ASSURANCES (KZ)","Activites de services financiers et d assurances","2","s","s","s"
"39","ACTIVITES FINANCIERES ET ASSURANCES (KZ)","Assurances","26","s","s","s"
"40","ACTIVITES FINANCIERES ET ASSURANCES (KZ)","Activites de services financiers et d assurances","1","s","s","s"
"40","ACTIVITES FINANCIERES ET ASSURANCES (KZ)","Assurances","31","s","s","s"
"41","ACTION SOCIALE (QB)","Action sociale sans hebergement","1","s","s","s"
"41","ACTION SOCIALE (QB)","Hebergement medico-social et social","3","s","s","s"
"41","ACTIVITES FINANCIERES ET ASSURANCES (KZ)","Activites de services financiers et d assurances","3","9","8","358653"
"41","ACTIVITES FINANCIERES ET ASSURANCES (KZ)","Assurances","30","272","244","9920584"
"42","ACTION SOCIALE (QB)","Action sociale sans hebergement","4","57","43","1167717"
"42","ACTION SOCIALE (QB)","Hebergement medico-social et social","14","674","532","15156491"
"42","ACTIVITES FINANCIERES ET ASSURANCES (KZ)","Activites de services financiers et d assurances","2","s","s","s"
"42","ACTIVITES FINANCIERES ET ASSURANCES (KZ)","Assurances","54","s","s","s"
"43","ACTION SOCIALE (QB)","Action sociale sans hebergement","1","s","s","s"
"43","ACTION SOCIALE (QB)","Hebergement medico-social et social","1","s","s","s"
"43","ACTIVITES FINANCIERES ET ASSURANCES (KZ)","Assurances","17","146","132","5116598"
"44","ACTION SOCIALE (QB)","Action sociale sans hebergement","9","151","117","3077047"
"44","ACTION SOCIALE (QB)","Hebergement medico-social et social","46","1207","1016","27186805"
"44","ACTIVITES FINANCIERES ET ASSURANCES (KZ)","Activites de services financiers et d assurances","1","s","s","s"
"44","ACTIVITES FINANCIERES ET ASSURANCES (KZ)","Assurances","93","s","s","s"
"45","ACTION SOCIALE (QB)","Action sociale sans hebergement","4","s","s","s"
"45","ACTION SOCIALE (QB)","Hebergement medico-social et social","3","s","s","s"
"45","ACTIVITES FINANCIERES ET ASSURANCES (KZ)","Activites de services financiers et d assurances","2","s","s","s"
"45","ACTIVITES FINANCIERES ET ASSURANCES (KZ)","Assurances","55","s","s","s"
"46","ACTION SOCIALE (QB)","Action sociale sans hebergement","2","s","s","s"
"46","ACTIVITES FINANCIERES ET ASSURANCES (KZ)","Assurances","18","157","148","5554764"
"47","ACTION SOCIALE (QB)","Hebergement medico-social et social","1","s","s","s"
"47","ACTIVITES FINANCIERES ET ASSURANCES (KZ)","Activites de services financiers et d assurances","1","s","s","s"
"47","ACTIVITES FINANCIERES ET ASSURANCES (KZ)","Assurances","38","s","s","s"
"48","ACTIVITES FINANCIERES ET ASSURANCES (KZ)","Activites de services financiers et d assurances","1","s","s","s"
"48","ACTIVITES FINANCIERES ET ASSURANCES (KZ)","Assurances","8","s","s","s"
"49","ACTION SOCIALE (QB)","Action sociale sans hebergement","40","524","492","12515176"
"49","ACTION SOCIALE (QB)","Hebergement medico-social et social","13","718","616","15822349"
"49","ACTIVITES FINANCIERES ET ASSURANCES (KZ)","Activites de services financiers et d assurances","1","s","s","s"
"49","ACTIVITES FINANCIERES ET ASSURANCES (KZ)","Assurances","47","s","s","s"
"50","ACTIVITES FINANCIERES ET ASSURANCES (KZ)","Activites de services financiers et d assurances","1","s","s","s"
"50","ACTIVITES FINANCIERES ET ASSURANCES (KZ)","Assurances","32","s","s","s"
"51","ACTION SOCIALE (QB)","Action sociale sans hebergement","1","s","s","s"
"51","ACTIVITES FINANCIERES ET ASSURANCES (KZ)","Activites de services financiers et d assurances","2","s","s","s"
"51","ACTIVITES FINANCIERES ET ASSURANCES (KZ)","Assurances","45","s","s","s"
"52","ACTIVITES FINANCIERES ET ASSURANCES (KZ)","Activites de services financiers et d assurances","1","s","s","s"
"52","ACTIVITES FINANCIERES ET ASSURANCES (KZ)","Assurances","15","s","s","s"
"53","ACTIVITES FINANCIERES ET ASSURANCES (KZ)","Assurances","20","409","344","14722721"
"54","ACTION SOCIALE (QB)","Action sociale sans hebergement","1","s","s","s"
"54","ACTION SOCIALE (QB)","Hebergement medico-social et social","1","s","s","s"
"54","ACTIVITES FINANCIERES ET ASSURANCES (KZ)","Activites de services financiers et d assurances","2","s","s","s"
"54","ACTIVITES FINANCIERES ET ASSURANCES (KZ)","Assurances","75","s","s","s"
"55","ACTIVITES FINANCIERES ET ASSURANCES (KZ)","Activites de services financiers et d assurances","2","s","s","s"
"55","ACTIVITES FINANCIERES ET ASSURANCES (KZ)","Assurances","18","s","s","s"
"56","ACTION SOCIALE (QB)","Action sociale sans hebergement","9","119","104","2689876"
"56","ACTION SOCIALE (QB)","Hebergement medico-social et social","19","611","525","13585101"
"56","ACTIVITES FINANCIERES ET ASSURANCES (KZ)","Activites de services financiers et d assurances","2","s","s","s"
"56","ACTIVITES FINANCIERES ET ASSURANCES (KZ)","Assurances","52","s","s","s"
"57","ACTIVITES FINANCIERES ET ASSURANCES (KZ)","Activites de services financiers et d assurances","3","6","17","607166"
"57","ACTIVITES FINANCIERES ET ASSURANCES (KZ)","Assurances","55","496","452","18011440"
"58","ACTION SOCIALE (QB)","Action sociale sans hebergement","4","s","s","s"
"58","ACTIVITES FINANCIERES ET ASSURANCES (KZ)","Activites de services financiers et d assurances","1","s","s","s"
"58","ACTIVITES FINANCIERES ET ASSURANCES (KZ)","Assurances","23","s","s","s"
"59","ACTION SOCIALE (QB)","Action sociale sans hebergement","1","s","s","s"
"59","ACTIVITES FINANCIERES ET ASSURANCES (KZ)","Activites de services financiers et d assurances","6","s","s","s"
"59","ACTIVITES FINANCIERES ET ASSURANCES (KZ)","Assurances","142","s","s","s"
"60","ACTION SOCIALE (QB)","Hebergement medico-social et social","1","s","s","s"
"60","ACTIVITES FINANCIERES ET ASSURANCES (KZ)","Assurances","42","1000","923","40081181"
"61","ACTION SOCIALE (QB)","Action sociale sans hebergement","1","s","s","s"
"61","ACTION SOCIALE (QB)","Hebergement medico-social et social","1","s","s","s"
"61","ACTIVITES FINANCIERES ET ASSURANCES (KZ)","Activites de services financiers et d assurances","1","s","s","s"
"61","ACTIVITES FINANCIERES ET ASSURANCES (KZ)","Assurances","24","s","s","s"
"62","ACTION SOCIALE (QB)","Hebergement medico-social et social","1","s","s","s"
"62","ACTIVITES FINANCIERES ET ASSURANCES (KZ)","Assurances","78","1002","925","40151922"
"63","ACTION SOCIALE (QB)","Action sociale sans hebergement","2","s","s","s"
"63","ACTION SOCIALE (QB)","Hebergement medico-social et social","3","s","s","s"
"63","ACTIVITES FINANCIERES ET ASSURANCES (KZ)","Activites de services financiers et d assurances","3","12","13","525552"
"63","ACTIVITES FINANCIERES ET ASSURANCES (KZ)","Assurances","73","884","825","32354106"
"64","ACTION SOCIALE (QB)","Action sociale sans hebergement","3","51","54","1308746"
"64","ACTIVITES FINANCIERES ET ASSURANCES (KZ)","Activites de services financiers et d assurances","1","s","s","s"
"64","ACTIVITES FINANCIERES ET ASSURANCES (KZ)","Assurances","63","s","s","s"
"65","ACTION SOCIALE (QB)","Hebergement medico-social et social","1","s","s","s"
"65","ACTIVITES FINANCIERES ET ASSURANCES (KZ)","Activites de services financiers et d assurances","2","s","s","s"
"65","ACTIVITES FINANCIERES ET ASSURANCES (KZ)","Assurances","30","s","s","s"
"66","ACTION SOCIALE (QB)","Action sociale sans hebergement","1","s","s","s"
"66","ACTIVITES FINANCIERES ET ASSURANCES (KZ)","Assurances","27","434","418","15221679"
"67","ACTIVITES FINANCIERES ET ASSURANCES (KZ)","Activites de services financiers et d assurances","5","21","20","1164760"
"67","ACTIVITES FINANCIERES ET ASSURANCES (KZ)","Assurances","53","1140","1069","46015368"
"68","ACTION SOCIALE (QB)","Hebergement medico-social et social","1","s","s","s"
"68","ACTIVITES FINANCIERES ET ASSURANCES (KZ)","Assurances","41","665","585","27599295"
"69","ACTION SOCIALE (QB)","Action sociale sans hebergement","19","43","s","s"
"69","ACTION SOCIALE (QB)","Hebergement medico-social et social","2","s","s","s"
"69","ACTIVITES FINANCIERES ET ASSURANCES (KZ)","Activites de services financiers et d assurances","2","s","s","s"
"69","ACTIVITES FINANCIERES ET ASSURANCES (KZ)","Assurances","148","s","s","s"
"70","ACTION SOCIALE (QB)","Action sociale sans hebergement","1","s","s","s"
"70","ACTIVITES FINANCIERES ET ASSURANCES (KZ)","Assurances","20","174","154","6009656"
"71","ACTION SOCIALE (QB)","Action sociale sans hebergement","9","486","389","8179901"
"71","ACTION SOCIALE (QB)","Hebergement medico-social et social","3","152","136","3906014"
"71","ACTIVITES FINANCIERES ET ASSURANCES (KZ)","Activites de services financiers et d assurances","2","s","s","s"
"71","ACTIVITES FINANCIERES ET ASSURANCES (KZ)","Assurances","60","s","s","s"
"72","ACTION SOCIALE (QB)","Action sociale sans hebergement","2","s","s","s"
"72","ACTIVITES FINANCIERES ET ASSURANCES (KZ)","Assurances","42","509","479","20600913"
"73","ACTIVITES FINANCIERES ET ASSURANCES (KZ)","Activites de services financiers et d assurances","1","s","s","s"
"73","ACTIVITES FINANCIERES ET ASSURANCES (KZ)","Assurances","39","s","s","s"
"74","ACTION SOCIALE (QB)","Action sociale sans hebergement","3","19","15","356667"
"74","ACTIVITES FINANCIERES ET ASSURANCES (KZ)","Activites de services financiers et d assurances","1","s","s","s"
"74","ACTIVITES FINANCIERES ET ASSURANCES (KZ)","Assurances","60","s","s","s"
"75","ACTION SOCIALE (QB)","Action sociale sans hebergement","5","s","s","s"
"75","ACTION SOCIALE (QB)","Hebergement medico-social et social","2","s","s","s"
"75","ACTIVITES FINANCIERES ET ASSURANCES (KZ)","Activites de services financiers et d assurances","13","148","142","7131815"
"75","ACTIVITES FINANCIERES ET ASSURANCES (KZ)","Assurances","263","10651","10023","534229932"
"76","ACTION SOCIALE (QB)","Action sociale sans hebergement","1","s","s","s"
"76","ACTION SOCIALE (QB)","Hebergement medico-social et social","4","s","s","s"
"76","ACTIVITES FINANCIERES ET ASSURANCES (KZ)","Activites de services financiers et d assurances","4","s","s","s"
"76","ACTIVITES FINANCIERES ET ASSURANCES (KZ)","Activites des services financiers hors assurance et caisses","1","s","s","s"
"76","ACTIVITES FINANCIERES ET ASSURANCES (KZ)","Assurances","107","3223","2904","141784556"
"77","ACTION SOCIALE (QB)","Action sociale sans hebergement","2","s","s","s"
"77","ACTION SOCIALE (QB)","Hebergement medico-social et social","2","s","s","s"
"77","ACTIVITES FINANCIERES ET ASSURANCES (KZ)","Activites de services financiers et d assurances","3","9","8","343673"
"77","ACTIVITES FINANCIERES ET ASSURANCES (KZ)","Assurances","54","566","528","25533608"
"78","ACTION SOCIALE (QB)","Hebergement medico-social et social","5","s","s","s"
"78","ACTIVITES FINANCIERES ET ASSURANCES (KZ)","Activites de services financiers et d assurances","2","s","s","s"
"78","ACTIVITES FINANCIERES ET ASSURANCES (KZ)","Assurances","49","s","s","s"
"79","ACTION SOCIALE (QB)","Action sociale sans hebergement","1","s","s","s"
"79","ACTIVITES FINANCIERES ET ASSURANCES (KZ)","Assurances","44","8362","7848","418080568"
"80","ACTION SOCIALE (QB)","Action sociale sans hebergement","1","s","s","s"
"80","ACTIVITES FINANCIERES ET ASSURANCES (KZ)","Activites de services financiers et d assurances","2","s","s","s"
"80","ACTIVITES FINANCIERES ET ASSURANCES (KZ)","Assurances","50","s","s","s"
"81","ACTION SOCIALE (QB)","Action sociale sans hebergement","9","s","s","s"
"81","ACTION SOCIALE (QB)","Hebergement medico-social et social","1","s","s","s"
"81","ACTIVITES FINANCIERES ET ASSURANCES (KZ)","Activites de services financiers et d assurances","4","13","13","633282"
"81","ACTIVITES FINANCIERES ET ASSURANCES (KZ)","Assurances","38","491","448","16248200"
"82","ACTION SOCIALE (QB)","Action sociale sans hebergement","4","79","53","1339893"
"82","ACTION SOCIALE (QB)","Hebergement medico-social et social","3","144","129","3251997"
"82","ACTIVITES FINANCIERES ET ASSURANCES (KZ)","Activites de services financiers et d assurances","1","s","s","s"
"82","ACTIVITES FINANCIERES ET ASSURANCES (KZ)","Assurances","25","s","s","s"
"83","ACTION SOCIALE (QB)","Action sociale sans hebergement","6","133","115","2516062"
"83","ACTION SOCIALE (QB)","Hebergement medico-social et social","4","226","204","5804504"
"83","ACTIVITES FINANCIERES ET ASSURANCES (KZ)","Activites de services financiers et d assurances","7","44","41","1781325"
"83","ACTIVITES FINANCIERES ET ASSURANCES (KZ)","Assurances","60","615","574","23865286"
"84","ACTIVITES FINANCIERES ET ASSURANCES (KZ)","Activites de services financiers et d assurances","2","s","s","s"
"84","ACTIVITES FINANCIERES ET ASSURANCES (KZ)","Assurances","58","s","s","s"
"85","ACTION SOCIALE (QB)","Action sociale sans hebergement","1","s","s","s"
"85","ACTIVITES FINANCIERES ET ASSURANCES (KZ)","Activites de services financiers et d assurances","3","s","s","s"
"85","ACTIVITES FINANCIERES ET ASSURANCES (KZ)","Assurances","43","s","s","s"
"86","ACTION SOCIALE (QB)","Action sociale sans hebergement","1","s","s","s"
"86","ACTION SOCIALE (QB)","Hebergement medico-social et social","5","s","s","s"
"86","ACTIVITES FINANCIERES ET ASSURANCES (KZ)","Activites de services financiers et d assurances","1","s","s","s"
"86","ACTIVITES FINANCIERES ET ASSURANCES (KZ)","Assurances","35","s","s","s"
"87","ACTION SOCIALE (QB)","Action sociale sans hebergement","15","123","111","2605068"
"87","ACTION SOCIALE (QB)","Hebergement medico-social et social","11","282","248","6774622"
"87","ACTIVITES FINANCIERES ET ASSURANCES (KZ)","Activites de services financiers et d assurances","1","s","s","s"
"87","ACTIVITES FINANCIERES ET ASSURANCES (KZ)","Assurances","43","s","s","s"
"88","ACTIVITES FINANCIERES ET ASSURANCES (KZ)","Activites de services financiers et d assurances","3","6","5","265163"
"88","ACTIVITES FINANCIERES ET ASSURANCES (KZ)","Assurances","29","243","225","8129199"
"89","ACTION SOCIALE (QB)","Action sociale sans hebergement","9","s","s","s"
"89","ACTION SOCIALE (QB)","Hebergement medico-social et social","2","s","s","s"
"89","ACTIVITES FINANCIERES ET ASSURANCES (KZ)","Activites de services financiers et d assurances","2","s","s","s"
"89","ACTIVITES FINANCIERES ET ASSURANCES (KZ)","Assurances","31","s","s","s"
"90","ACTION SOCIALE (QB)","Action sociale sans hebergement","1","s","s","s"
"90","ACTION SOCIALE (QB)","Hebergement medico-social et social","3","s","s","s"
"90","ACTIVITES FINANCIERES ET ASSURANCES (KZ)","Activites de services financiers et d assurances","1","s","s","s"
"90","ACTIVITES FINANCIERES ET ASSURANCES (KZ)","Assurances","19","s","s","s"
"91","ACTION SOCIALE (QB)","Action sociale sans hebergement","1","s","s","s"
"91","ACTION SOCIALE (QB)","Hebergement medico-social et social","1","s","s","s"
"91","ACTIVITES FINANCIERES ET ASSURANCES (KZ)","Activites de services financiers et d assurances","4","s","138","5553215"
"91","ACTIVITES FINANCIERES ET ASSURANCES (KZ)","Assurances","42","s","380","15516806"
"92","ACTION SOCIALE (QB)","Action sociale sans hebergement","3","s","s","s"
"92","ACTION SOCIALE (QB)","Hebergement medico-social et social","2","s","s","s"
"92","ACTIVITES FINANCIERES ET ASSURANCES (KZ)","Activites de services financiers et d assurances","3","s","s","s"
"92","ACTIVITES FINANCIERES ET ASSURANCES (KZ)","Activites des services financiers hors assurance et caisses","1","s","s","s"
"92","ACTIVITES FINANCIERES ET ASSURANCES (KZ)","Assurances","62","2488","2421","133748455"
"93","ACTION SOCIALE (QB)","Action sociale sans hebergement","1","s","s","s"
"93","ACTIVITES FINANCIERES ET ASSURANCES (KZ)","Activites de services financiers et d assurances","4","s","s","s"
"93","ACTIVITES FINANCIERES ET ASSURANCES (KZ)","Assurances","43","s","s","s"
"94","ACTIVITES FINANCIERES ET ASSURANCES (KZ)","Activites de services financiers et d assurances","1","s","s","s"
"94","ACTIVITES FINANCIERES ET ASSURANCES (KZ)","Assurances","46","s","s","s"
"95","ACTION SOCIALE (QB)","Action sociale sans hebergement","1","s","s","s"
"95","ACTION SOCIALE (QB)","Hebergement medico-social et social","4","s","s","s"
"95","ACTIVITES FINANCIERES ET ASSURANCES (KZ)","Activites de services financiers et d assurances","2","s","s","s"
"95","ACTIVITES FINANCIERES ET ASSURANCES (KZ)","Assurances","25","s","s","s"
"971","ACTION SOCIALE (QB)","Action sociale sans hebergement","2","s","s","s"
"971","ACTIVITES FINANCIERES ET ASSURANCES (KZ)","Assurances","32","287","273","12214887"
"972","ACTIVITES FINANCIERES ET ASSURANCES (KZ)","Assurances","30","s","s","s"
"973","ACTIVITES FINANCIERES ET ASSURANCES (KZ)","Activites de services financiers et d assurances","2","s","s","s"
"973","ACTIVITES FINANCIERES ET ASSURANCES (KZ)","Assurances","9","s","s","s"
"974","ACTIVITES FINANCIERES ET ASSURANCES (KZ)","Assurances","37","668","608","27030726"
